533061984;Mira;Brandacci;mbrandacci0@ted.com;Mujer;11/01/1994;FALSO;20
535064321;Dacey;Bonsey;dbonsey1@cnet.com;Mujer;30/11/1984;VERDADERO;43
718554282;Wheeler;McCourtie;wmccourtie2@trellian.com;Hombre;16/04/1992;FALSO;39
869799776;Tim;Plaschke;tplaschke3@apple.com;Hombre;15/03/1983;FALSO;17
117266832;Genni;Bruins;gbruins4@europa.eu;Mujer;25/03/1995;VERDADERO;39
180339952;Ebonee;Kellen;ekellen5@miibeian.gov.cn;Mujer;01/10/1976;VERDADERO;44
412501307;Ennis;O'Shiels;eoshiels6@discuz.net;Hombre;16/01/1997;FALSO;28
21617994;Chad;Pigrome;cpigrome7@plala.or.jp;Hombre;19/08/1991;VERDADERO;18
844583436;Bayard;Ceeley;bceeley8@t.co;Hombre;23/12/1993;FALSO;32
812912802;Roseanne;Lesaunier;rlesaunier9@wikispaces.com;Mujer;30/11/1977;FALSO;50
282358564;Dore;Mumm;dmumma@acquirethisname.com;Mujer;14/10/1978;FALSO;17
128408018;Neile;Kidde;nkiddeb@time.com;Mujer;01/07/2000;VERDADERO;31
414742434;Thibaut;Cootes;tcootesc@mayoclinic.com;Hombre;27/04/1977;FALSO;36
819310853;Buffy;Woolens;bwoolensd@msn.com;Mujer;31/08/1976;VERDADERO;18
906138865;Yoshi;Nourse;ynoursee@china.com.cn;Mujer;01/09/1996;VERDADERO;36
549326329;Ashien;Ricoald;aricoaldf@163.com;Mujer;17/04/2001;FALSO;47
922778894;Lurline;Conn;lconng@meetup.com;Mujer;03/01/1986;FALSO;18
32736189;Sauncho;Fautly;sfautlyh@ca.gov;Hombre;27/02/1983;VERDADERO;42
157635724;Elston;Minchi;eminchii@japanpost.jp;Hombre;15/05/1975;VERDADERO;40
306799245;Alonso;Colleton;acolletonj@skyrock.com;Hombre;17/05/1984;FALSO;38
927450487;Athena;Tomini;atominik@4shared.com;Mujer;10/08/1987;VERDADERO;26
352797623;Margarette;Maffey;mmaffeyl@trellian.com;Mujer;07/11/1998;FALSO;46
177036179;Brennan;Peizer;bpeizerm@xing.com;Hombre;08/04/1979;FALSO;17
363803736;Dory;Blunderfield;dblunderfieldn@techcrunch.com;Mujer;03/04/1987;VERDADERO;28
374292611;Twyla;Swine;tswineo@earthlink.net;Mujer;11/07/1976;VERDADERO;23
574652704;Goran;Mille;gmillep@quantcast.com;Hombre;20/05/1978;VERDADERO;34
853681972;Florian;Ivanishev;fivanishevq@pcworld.com;Hombre;22/01/2000;VERDADERO;49
176796722;Adriane;Thurley;athurleyr@dropbox.com;Mujer;30/01/1990;VERDADERO;15
373914119;Cori;McKeefry;cmckeefrys@addthis.com;Hombre;11/11/1978;VERDADERO;31
162229021;Fitz;Heigold;fheigoldt@about.com;Hombre;01/02/1984;FALSO;37
414717732;Stephie;Fozzard;sfozzardu@live.com;Mujer;19/05/1985;VERDADERO;34
995941329;Agnese;Causnett;acausnettv@irs.gov;Mujer;25/06/1990;VERDADERO;16
194888941;Giffy;Aimson;gaimsonw@symantec.com;Hombre;15/03/1976;VERDADERO;41
972945657;Haywood;Denisard;hdenisardx@unc.edu;Hombre;29/07/1975;VERDADERO;45
237642734;Pierre;Hucklesby;phucklesbyy@usda.gov;Hombre;08/08/1993;VERDADERO;17
801788832;Arny;Mayling;amaylingz@discuz.net;Hombre;20/09/1988;VERDADERO;32
171441588;Tanner;De Freitas;tdefreitas10@examiner.com;Hombre;07/06/1992;FALSO;17
272176320;Brig;Thowless;bthowless11@sakura.ne.jp;Hombre;30/01/1997;VERDADERO;41
752440946;Margalit;Slessar;mslessar12@baidu.com;Mujer;08/03/1979;FALSO;45
850879859;Schuyler;Slixby;sslixby13@noaa.gov;Hombre;25/03/1998;VERDADERO;18
287699753;Johnette;Fearenside;jfearenside14@intel.com;Mujer;12/08/1990;FALSO;33
875158702;Jamal;Lorriman;jlorriman15@oracle.com;Hombre;16/04/1988;FALSO;45
975398732;Alexis;Hance;ahance16@yellowpages.com;Hombre;14/02/1979;VERDADERO;36
168284458;Barbette;Danielot;bdanielot17@yellowpages.com;Mujer;01/03/1979;VERDADERO;27
213765085;Cammi;Oxx;coxx18@imdb.com;Mujer;23/12/1987;FALSO;35
655070587;Ephraim;Clemenceau;eclemenceau19@addthis.com;Hombre;29/12/1989;FALSO;41
43352844;Byrann;Guinness;bguinness1a@omniture.com;Hombre;15/01/1977;FALSO;37
484917433;Zachery;Ferraro;zferraro1b@examiner.com;Hombre;03/01/1990;FALSO;37
384427542;Bronnie;Fulop;bfulop1c@usa.gov;Hombre;28/08/1985;FALSO;19
113885753;Radcliffe;De Mitris;rdemitris1d@usa.gov;Hombre;18/07/1979;FALSO;16
767049145;Leo;Ewell;lewell1e@engadget.com;Hombre;16/09/1986;FALSO;36
513233759;Carlin;Ilott;cilott1f@canalblog.com;Hombre;30/08/1987;VERDADERO;20
273858638;Granville;Coughan;gcoughan1g@jalbum.net;Hombre;25/08/1995;VERDADERO;26
189919238;Reinold;Stoffer;rstoffer1h@earthlink.net;Hombre;17/03/1986;FALSO;20
643687753;Meriel;Fechnie;mfechnie1i@yolasite.com;Mujer;19/11/1981;FALSO;44
543713898;Arel;Crichmere;acrichmere1j@cornell.edu;Hombre;12/05/1992;VERDADERO;47
541662454;Meghann;Mottinelli;mmottinelli1k@illinois.edu;Mujer;06/08/1997;VERDADERO;39
835303072;Fidole;Yourell;fyourell1l@parallels.com;Hombre;19/06/1999;FALSO;43
589173487;Effie;Cunde;ecunde1m@nymag.com;Mujer;15/12/1984;VERDADERO;46
941599821;Emerson;Dory;edory1n@friendfeed.com;Hombre;20/03/1987;VERDADERO;23
732104054;Broderick;Stickley;bstickley1o@ucoz.com;Hombre;27/05/1996;FALSO;29
582759697;Shalna;Landeaux;slandeaux1p@psu.edu;Mujer;19/11/1987;VERDADERO;20
363473860;Aura;Clayden;aclayden1q@wordpress.org;Mujer;03/04/1990;FALSO;36
245010723;Daron;Josefsson;djosefsson1r@salon.com;Mujer;08/09/1985;FALSO;45
198152041;Elvyn;Shuttlewood;eshuttlewood1s@tamu.edu;Hombre;10/09/1985;FALSO;45
511083342;Terence;D'Alessio;tdalessio1t@google.com.hk;Hombre;21/01/1990;FALSO;27
287734624;Elena;Fuge;efuge1u@mashable.com;Mujer;29/12/1993;VERDADERO;44
852611115;Krishnah;Leivesley;kleivesley1v@hhs.gov;Hombre;08/01/1981;VERDADERO;15
869916687;Stevie;McRobb;smcrobb1w@plala.or.jp;Hombre;14/08/1976;FALSO;29
118307316;Fitzgerald;Coopman;fcoopman1x@vkontakte.ru;Hombre;13/07/1998;VERDADERO;24
354863752;Amalie;Gurry;agurry1y@cbslocal.com;Mujer;02/07/1985;FALSO;32
112105016;Denice;Guitte;dguitte1z@scientificamerican.com;Mujer;09/11/1981;VERDADERO;22
368867322;Bernita;McFfaden;bmcffaden20@loc.gov;Mujer;23/06/2000;FALSO;17
183897578;Teri;Basterfield;tbasterfield21@europa.eu;Mujer;10/10/1976;VERDADERO;22
106156980;Winnifred;Verling;wverling22@github.com;Mujer;10/12/1992;VERDADERO;33
846924779;Louisa;Cleatherow;lcleatherow23@booking.com;Mujer;20/09/1992;VERDADERO;45
866972007;Callean;Rosbottom;crosbottom24@themeforest.net;Hombre;19/03/1993;VERDADERO;35
201605239;Aron;Neath;aneath25@newsvine.com;Hombre;01/07/1995;FALSO;32
500669870;Darcie;Redier;dredier26@admin.ch;Mujer;17/09/1976;VERDADERO;15
147790224;Woodie;Bysouth;wbysouth27@globo.com;Hombre;24/04/1984;FALSO;26
92280626;Roderick;Polini;rpolini28@networksolutions.com;Hombre;21/02/1991;VERDADERO;36
644915866;Sergeant;Dilworth;sdilworth29@ted.com;Hombre;20/02/1994;FALSO;43
140739403;Dione;Dougharty;ddougharty2a@nps.gov;Mujer;20/03/1989;VERDADERO;43
247780455;Dallas;Readshaw;dreadshaw2b@purevolume.com;Hombre;07/11/1989;FALSO;40
357494288;Jermayne;Stiffkins;jstiffkins2c@smugmug.com;Hombre;12/10/1999;VERDADERO;16
861434460;Adara;Conkie;aconkie2d@people.com.cn;Mujer;05/11/1992;VERDADERO;40
92060188;Honor;Sugge;hsugge2e@earthlink.net;Mujer;03/09/1979;FALSO;50
633028975;Kanya;Cortin;kcortin2f@sphinn.com;Mujer;24/10/1986;FALSO;23
639588163;Jodee;Suttling;jsuttling2g@mozilla.com;Mujer;04/07/1983;VERDADERO;16
547619858;Adan;Gittis;agittis2h@drupal.org;Mujer;28/09/1987;FALSO;15
455890597;Marje;Naris;mnaris2i@hubpages.com;Mujer;19/10/1998;VERDADERO;41
742097052;Ezechiel;Clarke-Williams;eclarkewilliams2j@zimbio.com;Hombre;12/09/1984;VERDADERO;45
83293768;Raymond;Brookson;rbrookson2k@zdnet.com;Hombre;16/08/1980;VERDADERO;50
909263491;Haily;Bradd;hbradd2l@123-reg.co.uk;Mujer;12/04/1984;VERDADERO;30
873683785;Rossie;Strass;rstrass2m@huffingtonpost.com;Hombre;23/04/1988;VERDADERO;42
390533943;Lucie;Reeday;lreeday2n@chron.com;Mujer;12/10/1985;FALSO;39
645371174;Kenneth;Schulken;kschulken2o@google.ca;Hombre;13/04/1978;VERDADERO;49
805475117;Tyrone;MacComiskey;tmaccomiskey2p@hibu.com;Hombre;13/09/1995;VERDADERO;22
478058503;Leone;Rontsch;lrontsch2q@exblog.jp;Mujer;01/10/1986;FALSO;46
185777195;Tiffanie;Clyant;tclyant2r@plala.or.jp;Mujer;23/07/1980;VERDADERO;38
139330132;Alejoa;Van Dijk;avandijk2s@devhub.com;Hombre;27/11/1977;VERDADERO;47
941583209;Gwyn;Estrella;gestrella2t@howstuffworks.com;Mujer;15/06/1984;VERDADERO;18
689092060;Noelyn;Sultan;nsultan2u@tmall.com;Mujer;28/11/1985;VERDADERO;43
178669144;Haily;Zannelli;hzannelli2v@aboutads.info;Mujer;17/06/1977;FALSO;30
80840587;Hailey;Graeser;hgraeser2w@flickr.com;Hombre;01/04/2001;FALSO;44
172882636;Lainey;Werlock;lwerlock2x@ovh.net;Mujer;19/05/1979;FALSO;43
583519965;Zackariah;Capon;zcapon2y@imdb.com;Hombre;10/08/1984;FALSO;38
248101277;Rosa;Beadon;rbeadon2z@mapy.cz;Mujer;11/01/1976;FALSO;25
431887119;Bonnee;Sayles;bsayles30@a8.net;Mujer;08/12/1990;VERDADERO;31
323388178;Trixie;Linklater;tlinklater31@nymag.com;Mujer;26/09/1992;FALSO;28
447947074;Zebedee;Bean;zbean32@columbia.edu;Hombre;14/10/1993;FALSO;41
60388042;Matthiew;Le Provest;mleprovest33@wp.com;Hombre;14/06/1990;VERDADERO;20
165570534;Zebulen;Goodlett;zgoodlett34@furl.net;Hombre;13/12/1995;VERDADERO;25
991035419;Phillida;Danat;pdanat35@plala.or.jp;Mujer;26/04/1996;VERDADERO;34
808001243;Tibold;Girtin;tgirtin36@army.mil;Hombre;07/12/1985;FALSO;41
478922024;Ferrel;Docwra;fdocwra37@google.ca;Hombre;27/06/1975;VERDADERO;43
663934291;Kath;Heavens;kheavens38@prnewswire.com;Mujer;02/11/1978;FALSO;25
942661914;Helaine;MacRury;hmacrury39@google.cn;Mujer;29/07/1979;VERDADERO;27
143618937;Deni;Estevez;destevez3a@jiathis.com;Mujer;19/04/1991;VERDADERO;34
910266312;Jacqui;Papa;jpapa3b@tinyurl.com;Mujer;19/06/1977;FALSO;23
336223681;Willie;Bockings;wbockings3c@angelfire.com;Mujer;27/11/1992;FALSO;30
415905011;Antonetta;Klementz;aklementz3d@irs.gov;Mujer;17/02/1994;FALSO;41
649738736;Marget;Vickress;mvickress3e@meetup.com;Mujer;17/07/1998;VERDADERO;15
710271993;Madelaine;Vannozzii;mvannozzii3f@seattletimes.com;Mujer;05/10/1979;FALSO;36
523934095;Andy;Lawtie;alawtie3g@privacy.gov.au;Mujer;14/06/1987;FALSO;49
697619996;Nev;O'Mara;nomara3h@webmd.com;Hombre;25/03/1994;FALSO;39
852103901;Daffi;Feben;dfeben3i@bing.com;Mujer;29/10/1995;VERDADERO;19
72277267;Stefano;O' Sullivan;sosullivan3j@taobao.com;Hombre;27/08/1991;VERDADERO;40
607477662;Alastair;Passmore;apassmore3k@drupal.org;Hombre;06/08/1998;FALSO;48
934753496;Pen;Bracco;pbracco3l@flickr.com;Hombre;16/03/1993;FALSO;49
748218102;Ollie;Pantling;opantling3m@dyndns.org;Mujer;02/06/1996;VERDADERO;26
530832462;Ernie;Yuryichev;eyuryichev3n@fema.gov;Hombre;14/06/1996;VERDADERO;44
551997097;Salmon;Buckam;sbuckam3o@mail.ru;Hombre;02/01/1976;FALSO;33
934576748;Johnath;O'Bruen;jobruen3p@gravatar.com;Mujer;11/05/1995;VERDADERO;35
80623637;Marty;Egre;megre3q@redcross.org;Mujer;03/07/1983;FALSO;46
754240972;Brockie;Bollard;bbollard3r@sciencedaily.com;Hombre;13/12/1976;FALSO;40
409970653;Mildrid;Flockhart;mflockhart3s@sphinn.com;Mujer;01/03/1991;FALSO;30
207006396;Tully;Spain-Gower;tspaingower3t@cdbaby.com;Hombre;05/09/1995;VERDADERO;50
984964114;Margarete;Redrup;mredrup3u@un.org;Mujer;28/04/1999;FALSO;16
219188693;Allene;Oherlihy;aoherlihy3v@behance.net;Mujer;16/02/1991;FALSO;50
212559974;Karin;Blampied;kblampied3w@prlog.org;Mujer;25/11/1995;VERDADERO;46
379813544;Carleton;Lawly;clawly3x@google.com.br;Hombre;16/09/1989;VERDADERO;17
414161112;Myrtice;Polhill;mpolhill3y@unc.edu;Mujer;08/04/1990;VERDADERO;24
44793159;Sinclair;Conant;sconant3z@wikispaces.com;Hombre;12/01/1978;VERDADERO;42
778987440;Tuck;Lochrie;tlochrie40@wiley.com;Hombre;28/08/1998;VERDADERO;29
66879458;Rivalee;Milberry;rmilberry41@xinhuanet.com;Mujer;30/06/1981;FALSO;21
93963937;Lynnell;Courtonne;lcourtonne42@ca.gov;Mujer;11/07/1991;VERDADERO;38
195539360;Hymie;Musslewhite;hmusslewhite43@hexun.com;Hombre;20/09/1975;VERDADERO;16
784367536;Pierrette;Cumberlidge;pcumberlidge44@ameblo.jp;Mujer;08/10/2000;VERDADERO;25
928681840;Pail;Ivankov;pivankov45@chronoengine.com;Hombre;09/09/1987;VERDADERO;24
74044631;Sofia;Beastall;sbeastall46@histats.com;Mujer;13/07/1998;VERDADERO;47
726899902;Kasper;Quinney;kquinney47@fda.gov;Hombre;09/04/1982;VERDADERO;28
359450579;Tabatha;Stebbings;tstebbings48@icio.us;Mujer;14/09/1978;VERDADERO;30
52893387;Ernesta;Joesbury;ejoesbury49@pinterest.com;Mujer;07/05/1979;VERDADERO;23
872041326;Merrick;Shatliff;mshatliff4a@cmu.edu;Hombre;15/12/1998;FALSO;27
105047835;Bonni;Dabes;bdabes4b@storify.com;Mujer;16/11/1999;VERDADERO;39
996952425;Dniren;McPike;dmcpike4c@google.fr;Mujer;12/05/1999;FALSO;17
866292384;Towney;Boyfield;tboyfield4d@foxnews.com;Hombre;10/12/1979;VERDADERO;31
718032340;Gus;Rundall;grundall4e@bizjournals.com;Mujer;28/12/1975;VERDADERO;39
333196597;Hannis;Paolacci;hpaolacci4f@sakura.ne.jp;Mujer;14/12/2000;FALSO;24
706830966;Ogdan;Pretious;opretious4g@foxnews.com;Hombre;05/11/1985;FALSO;45
191534212;Bryn;Mursell;bmursell4h@europa.eu;Mujer;28/09/1994;FALSO;24
769666667;Victoria;Trorey;vtrorey4i@upenn.edu;Mujer;01/12/1978;VERDADERO;31
264676447;Barnaby;Kibel;bkibel4j@geocities.com;Hombre;02/05/1988;FALSO;19
474406278;Briant;Pendlebery;bpendlebery4k@apple.com;Hombre;10/06/1986;FALSO;26
504708484;Bertie;Matiebe;bmatiebe4l@disqus.com;Mujer;09/12/1989;VERDADERO;31
886841146;Will;Barta;wbarta4m@issuu.com;Hombre;18/02/1988;VERDADERO;45
358451951;Alane;Tesoe;atesoe4n@admin.ch;Mujer;29/05/1976;VERDADERO;43
280472021;Gustavus;Greenough;ggreenough4o@who.int;Hombre;07/09/1981;FALSO;19
223880846;Aubrie;Gonnely;agonnely4p@chronoengine.com;Mujer;16/08/1975;FALSO;46
447511837;Trudie;Savins;tsavins4q@blogtalkradio.com;Mujer;12/02/1977;FALSO;26
127476142;Felice;Avrahamof;favrahamof4r@techcrunch.com;Mujer;14/03/1989;FALSO;38
524184468;Ryan;Larrington;rlarrington4s@netscape.com;Hombre;15/10/1992;FALSO;41
385452621;Patricio;Lachaize;plachaize4t@infoseek.co.jp;Hombre;14/01/1978;FALSO;47
222006003;Padgett;Beat;pbeat4u@vk.com;Hombre;16/02/1988;VERDADERO;48
654084510;Rafael;Skyppe;rskyppe4v@ning.com;Hombre;20/11/1996;FALSO;45
55363123;Klarika;Scolding;kscolding4w@typepad.com;Mujer;14/12/2000;VERDADERO;48
610626884;Isabel;Nazer;inazer4x@list-manage.com;Mujer;12/03/1985;FALSO;25
805343575;Harriette;Trevino;htrevino4y@time.com;Mujer;03/08/1990;FALSO;21
174658022;Jamal;Bennoe;jbennoe4z@hao123.com;Hombre;01/04/1976;FALSO;35
122484507;Madelena;Grinyakin;mgrinyakin50@independent.co.uk;Mujer;17/01/1989;VERDADERO;44
978148721;Ab;McVicker;amcvicker51@fema.gov;Hombre;20/06/1977;FALSO;38
569486034;Odetta;Kembrey;okembrey52@slashdot.org;Mujer;27/06/1995;VERDADERO;50
951998376;Brooks;Milne;bmilne53@mail.ru;Mujer;09/03/1990;VERDADERO;36
562320333;Jephthah;Thurborn;jthurborn54@newsvine.com;Hombre;03/01/1976;VERDADERO;40
592474620;Tanner;Perrett;tperrett55@unblog.fr;Hombre;25/08/1998;VERDADERO;18
773597755;Ker;Pickthorne;kpickthorne56@imageshack.us;Hombre;02/09/1996;VERDADERO;17
818477597;Una;Otridge;uotridge57@parallels.com;Mujer;19/10/1979;FALSO;47
869071498;Mahalia;Master;mmaster58@vistaprint.com;Mujer;28/07/1981;VERDADERO;49
714815340;Boy;Tubbles;btubbles59@google.cn;Hombre;04/11/1991;FALSO;35
830133823;Eustacia;Habberjam;ehabberjam5a@51.la;Mujer;30/06/1978;FALSO;18
436914787;Konstantin;Gartenfeld;kgartenfeld5b@wix.com;Hombre;12/09/1979;VERDADERO;21
554536738;Jamey;Persicke;jpersicke5c@wikipedia.org;Hombre;10/10/1979;VERDADERO;45
178160537;Milzie;Folomin;mfolomin5d@seesaa.net;Mujer;18/03/1977;VERDADERO;20
539046002;Dorice;Swancott;dswancott5e@ihg.com;Mujer;24/11/1987;FALSO;39
201394048;Lorrie;Garshore;lgarshore5f@earthlink.net;Mujer;14/07/1996;FALSO;33
657798491;Fayre;Windrus;fwindrus5g@privacy.gov.au;Mujer;27/03/1986;VERDADERO;46
755537014;Vikky;Rosenau;vrosenau5h@alibaba.com;Mujer;06/04/1998;VERDADERO;23
583725429;Cora;Joynes;cjoynes5i@dell.com;Mujer;01/08/1985;FALSO;34
771573268;Dionysus;O'Shesnan;doshesnan5j@google.co.uk;Hombre;05/04/1986;VERDADERO;15
337691329;Ugo;Swales;uswales5k@fda.gov;Hombre;15/02/1986;VERDADERO;23
549476415;Laurie;Rea;lrea5l@nature.com;Hombre;02/11/1985;FALSO;35
674006748;Carlita;Heak;cheak5m@desdev.cn;Mujer;26/04/1996;FALSO;20
47548807;Sharlene;Styant;sstyant5n@technorati.com;Mujer;26/04/1998;VERDADERO;38
758950699;Ronny;Losel;rlosel5o@360.cn;Hombre;27/08/1992;VERDADERO;21
232888346;Twila;Moriarty;tmoriarty5p@gizmodo.com;Mujer;01/05/1994;VERDADERO;36
246458205;Rollo;Ebden;rebden5q@earthlink.net;Hombre;29/12/1979;VERDADERO;46
478658110;Terra;Greensides;tgreensides5r@aol.com;Mujer;23/06/1995;VERDADERO;28
247467668;Lucky;Sandeson;lsandeson5s@google.nl;Mujer;14/11/1981;VERDADERO;39
458069918;Kirsteni;Errowe;kerrowe5t@taobao.com;Mujer;28/11/1982;VERDADERO;22
861173470;Lockwood;Dore;ldore5u@soup.io;Hombre;15/03/1997;VERDADERO;34
128284099;Allianora;Downe;adowne5v@blogger.com;Mujer;22/04/1992;FALSO;16
817783337;Corine;Kleeman;ckleeman5w@jimdo.com;Mujer;09/12/1989;VERDADERO;38
65078236;Judah;Boame;jboame5x@twitter.com;Hombre;25/02/1995;VERDADERO;25
942995712;Jared;Fairbourn;jfairbourn5y@ameblo.jp;Hombre;29/06/1976;FALSO;28
772955050;Alyse;Romain;aromain5z@guardian.co.uk;Mujer;21/08/1977;FALSO;35
132280484;Bronnie;McElwee;bmcelwee60@constantcontact.com;Hombre;27/03/1994;VERDADERO;48
461088780;Shaine;Kerslake;skerslake61@unicef.org;Mujer;06/03/1986;VERDADERO;35
771253395;Gunther;Auld;gauld62@mapquest.com;Hombre;10/01/1985;FALSO;31
21368960;Graeme;Knott;gknott63@prlog.org;Hombre;11/10/1989;FALSO;45
831264140;Ermengarde;O'Corrane;eocorrane64@apple.com;Mujer;27/12/1987;FALSO;33
261183218;Rosette;Ronisch;rronisch65@china.com.cn;Mujer;25/09/1992;FALSO;26
703603532;Salli;Clothier;sclothier66@ustream.tv;Mujer;12/01/1999;VERDADERO;28
465984153;Manny;Stichel;mstichel67@gizmodo.com;Hombre;04/06/1999;VERDADERO;35
710498205;Petr;Skehan;pskehan68@tinypic.com;Hombre;28/10/1984;FALSO;43
821332893;Reinwald;Maruska;rmaruska69@wsj.com;Hombre;14/03/1997;FALSO;44
522882461;Adrea;Nutt;anutt6a@mit.edu;Mujer;17/09/1990;VERDADERO;31
296273113;Maxwell;Mounch;mmounch6b@com.com;Hombre;22/05/1999;VERDADERO;43
646485778;Ambrose;Serridge;aserridge6c@cargocollective.com;Hombre;11/08/1980;FALSO;49
90134314;Tabina;Dudney;tdudney6d@examiner.com;Mujer;19/03/1997;VERDADERO;27
661496841;Ebenezer;Sherebrooke;esherebrooke6e@indiegogo.com;Hombre;10/08/1977;FALSO;44
118225791;Jeannie;Dudenie;jdudenie6f@squidoo.com;Mujer;04/08/1999;FALSO;18
624241682;Kipp;Hall;khall6g@bandcamp.com;Mujer;05/11/2000;FALSO;24
714108455;Valle;Turfus;vturfus6h@icio.us;Hombre;04/11/1977;FALSO;37
31458057;Car;Bartalot;cbartalot6i@cornell.edu;Hombre;20/12/1988;FALSO;29
799307028;Alfonso;Daid;adaid6j@addtoany.com;Hombre;03/08/1987;FALSO;17
748841397;Karlan;Lowndesbrough;klowndesbrough6k@wired.com;Hombre;29/06/1994;FALSO;29
182146621;Randy;Faivre;rfaivre6l@etsy.com;Hombre;04/10/1990;FALSO;23
976771193;Krystalle;Devas;kdevas6m@latimes.com;Mujer;17/11/1981;FALSO;37
480598059;Dennison;Ackrill;dackrill6n@flickr.com;Hombre;22/11/1996;FALSO;41
117113615;Joyce;Vile;jvile6o@privacy.gov.au;Mujer;09/02/1986;FALSO;43
667115848;Greggory;Kaufman;gkaufman6p@xrea.com;Hombre;05/02/1993;FALSO;46
239283441;Niall;Sooley;nsooley6q@ca.gov;Hombre;14/10/1978;VERDADERO;40
343832800;Ainsley;Lovelace;alovelace6r@hibu.com;Mujer;06/04/1993;FALSO;44
465088501;Jaine;Pavitt;jpavitt6s@gravatar.com;Mujer;13/10/1985;VERDADERO;33
675052436;Justis;Hands;jhands6t@ow.ly;Hombre;05/07/1985;FALSO;39
515428606;Pepe;Claesens;pclaesens6u@msu.edu;Hombre;02/12/1991;VERDADERO;16
80514453;Stephi;Scullion;sscullion6v@xinhuanet.com;Mujer;12/02/1988;FALSO;40
794390894;Monti;Blase;mblase6w@hhs.gov;Hombre;25/04/1987;VERDADERO;48
923392513;Burgess;Crosskell;bcrosskell6x@umn.edu;Hombre;28/02/1977;VERDADERO;40
858652869;Filberte;McGrey;fmcgrey6y@goo.gl;Hombre;25/11/1993;VERDADERO;41
671166069;Dolly;Downing;ddowning6z@fda.gov;Mujer;23/04/1996;VERDADERO;16
264057074;Fidela;Zealey;fzealey70@qq.com;Mujer;10/07/1980;VERDADERO;20
945837720;Paton;Cupitt;pcupitt71@slate.com;Hombre;05/01/1984;FALSO;18
83463802;Hewett;Esmond;hesmond72@example.com;Hombre;03/12/1985;FALSO;20
727752122;Dannye;Mathouse;dmathouse73@alibaba.com;Mujer;23/11/1975;FALSO;30
155332094;Mendy;Bleesing;mbleesing74@sakura.ne.jp;Hombre;25/04/1992;VERDADERO;38
48621930;Bernardine;Schaumann;bschaumann75@phpbb.com;Mujer;20/11/1979;VERDADERO;50
921651394;Jere;Fevers;jfevers76@usda.gov;Mujer;28/03/1983;VERDADERO;20
706228340;Evania;Beamont;ebeamont77@mashable.com;Mujer;09/11/1979;VERDADERO;49
516470212;Hertha;Fairpool;hfairpool78@comsenz.com;Mujer;13/07/1985;FALSO;28
364897778;Parnell;Rook;prook79@ebay.com;Hombre;27/02/1989;VERDADERO;21
934394404;Terence;McOrkil;tmcorkil7a@hao123.com;Hombre;11/09/1998;VERDADERO;32
346351617;Von;Gottschalk;vgottschalk7b@seesaa.net;Hombre;11/09/1979;VERDADERO;33
961532966;Corney;Bayne;cbayne7c@domainmarket.com;Hombre;07/02/1999;FALSO;44
605654321;Alanna;Hassard;ahassard7d@woothemes.com;Mujer;19/03/1993;FALSO;48
845999931;Vernice;Tytler;vtytler7e@wired.com;Mujer;24/10/2000;FALSO;26
810879893;Gilles;Woollaston;gwoollaston7f@latimes.com;Hombre;12/08/1998;FALSO;49
422911491;Stern;Ritmeier;sritmeier7g@uiuc.edu;Hombre;04/04/1999;FALSO;32
821374321;Nevil;Orthmann;northmann7h@time.com;Hombre;14/02/2000;VERDADERO;37
994846526;Benedikta;Chevolleau;bchevolleau7i@accuweather.com;Mujer;09/02/1987;FALSO;38
354279648;Amandy;Adrien;aadrien7j@ehow.com;Mujer;20/12/1982;VERDADERO;50
969898081;Jamie;McGarrie;jmcgarrie7k@home.pl;Mujer;09/05/1985;VERDADERO;28
304271465;Arvie;Bartoli;abartoli7l@51.la;Hombre;06/06/1977;FALSO;49
281824682;Josselyn;Whitrod;jwhitrod7m@nps.gov;Mujer;15/09/1986;FALSO;40
676914642;Inessa;Elgar;ielgar7n@tuttocitta.it;Mujer;02/06/1977;VERDADERO;38
13134657;Vonny;Jira;vjira7o@so-net.ne.jp;Mujer;06/10/1979;VERDADERO;18
349571816;Isacco;Cheng;icheng7p@mediafire.com;Hombre;25/12/1991;VERDADERO;45
608921857;Raphaela;Baraja;rbaraja7q@census.gov;Mujer;12/06/1998;FALSO;38
464981350;Nanci;Panchen;npanchen7r@answers.com;Mujer;02/02/1985;FALSO;20
159145946;Laureen;Gage;lgage7s@imgur.com;Mujer;06/07/1979;FALSO;37
523105208;Nelle;Lindwasser;nlindwasser7t@cnet.com;Mujer;27/12/1999;VERDADERO;30
796125506;Bebe;Bosnell;bbosnell7u@house.gov;Mujer;22/03/1980;FALSO;30
573776113;Dal;Lifton;dlifton7v@opensource.org;Hombre;01/01/1982;VERDADERO;46
115208075;Josey;Elderbrant;jelderbrant7w@dropbox.com;Mujer;01/03/1995;FALSO;45
29912855;Lillis;Seville;lseville7x@sciencedaily.com;Mujer;13/12/1999;FALSO;22
338639089;Isa;Winston;iwinston7y@surveymonkey.com;Mujer;18/06/1980;FALSO;39
922898171;Jocelin;Martynikhin;jmartynikhin7z@google.co.uk;Mujer;23/11/1990;FALSO;43
605467592;Allsun;Gudgen;agudgen80@telegraph.co.uk;Mujer;31/05/1993;VERDADERO;44
817219220;Nil;Cope;ncope81@sun.com;Hombre;06/04/1984;VERDADERO;42
226665401;Skyler;Eayres;seayres82@tiny.cc;Hombre;17/02/1997;VERDADERO;39
710130404;Kelley;Chitty;kchitty83@engadget.com;Hombre;30/05/1990;VERDADERO;27
577805639;Sigvard;Rising;srising84@cornell.edu;Hombre;15/12/1984;VERDADERO;22
288847726;Mikkel;Dello;mdello85@ihg.com;Hombre;23/05/1986;FALSO;44
230923464;Grover;Tunnick;gtunnick86@51.la;Hombre;31/12/1986;FALSO;32
30479392;Osborn;Roch;oroch87@cdbaby.com;Hombre;13/01/1997;FALSO;21
960388359;Feliza;Jannex;fjannex88@devhub.com;Mujer;27/05/1984;VERDADERO;29
648454693;Kellia;Ledrane;kledrane89@mlb.com;Mujer;04/03/1999;VERDADERO;22
458708275;Emelyne;Merredy;emerredy8a@weebly.com;Mujer;23/11/1991;VERDADERO;32
861406284;Adah;Diddams;adiddams8b@usgs.gov;Mujer;30/01/1999;VERDADERO;22
749954262;Shawnee;Tackett;stackett8c@joomla.org;Mujer;31/01/1991;VERDADERO;36
249788537;Lorri;Dutnall;ldutnall8d@wired.com;Mujer;14/11/1986;VERDADERO;28
961118044;Kipper;Absalom;kabsalom8e@umich.edu;Hombre;16/07/1986;VERDADERO;18
377722351;Karlen;Brookz;kbrookz8f@1und1.de;Mujer;21/12/1985;VERDADERO;17
487051447;Theodore;Allsworth;tallsworth8g@sun.com;Hombre;28/03/1978;VERDADERO;29
845501609;Francesco;Cases;fcases8h@icq.com;Hombre;03/10/1996;FALSO;39
101122681;Arch;Cossans;acossans8i@hc360.com;Hombre;24/05/1982;FALSO;26
978025500;Marius;Spinella;mspinella8j@netlog.com;Hombre;17/05/1996;VERDADERO;22
187674909;Lori;Yuryatin;lyuryatin8k@trellian.com;Mujer;12/11/1996;VERDADERO;15
996477901;Augustine;Ferronier;aferronier8l@state.gov;Mujer;10/01/1976;VERDADERO;30
663144788;Samara;Anscott;sanscott8m@soup.io;Mujer;23/08/1994;VERDADERO;34
350362624;Danny;Virgin;dvirgin8n@domainmarket.com;Mujer;30/10/1977;VERDADERO;23
597420401;Debra;Tondeur;dtondeur8o@archive.org;Mujer;01/09/1984;FALSO;48
596061097;Becky;Paoletti;bpaoletti8p@instagram.com;Mujer;19/11/1991;FALSO;43
460569734;Milzie;Syvret;msyvret8q@bravesites.com;Mujer;05/09/1979;FALSO;21
785081451;Karim;Stopforth;kstopforth8r@sbwire.com;Hombre;02/03/1987;FALSO;32
362177019;Cyrus;Nevin;cnevin8s@discuz.net;Hombre;18/01/1987;FALSO;48
758698123;Brier;Readings;breadings8t@tiny.cc;Mujer;27/05/1990;VERDADERO;17
686199788;Shaylynn;Leyes;sleyes8u@columbia.edu;Mujer;04/05/1981;VERDADERO;20
919167643;Sauncho;Frantzen;sfrantzen8v@ezinearticles.com;Hombre;26/04/1976;FALSO;22
464681953;Moll;Pidon;mpidon8w@tinypic.com;Mujer;19/12/1986;FALSO;50
979371433;Angelico;Adriani;aadriani8x@pagesperso-orange.fr;Hombre;13/09/1988;VERDADERO;42
585451751;Ryon;Delong;rdelong8y@state.tx.us;Hombre;16/01/1999;FALSO;41
261863132;Lenka;Larrington;llarrington8z@yandex.ru;Mujer;25/04/1982;FALSO;40
86921621;Gaspar;Prate;gprate90@statcounter.com;Hombre;27/01/2001;FALSO;48
731720985;Estrella;Kinton;ekinton91@cbc.ca;Mujer;09/03/1979;FALSO;46
343439706;Garald;Furlow;gfurlow92@reference.com;Hombre;14/05/2000;VERDADERO;48
826635950;Cyril;Bernardet;cbernardet93@rakuten.co.jp;Hombre;21/01/1995;VERDADERO;23
555884363;Hollie;Dockwray;hdockwray94@so-net.ne.jp;Mujer;20/09/1975;FALSO;27
196516212;Mella;Wheble;mwheble95@cafepress.com;Mujer;28/05/1983;FALSO;44
582062838;Binky;Anslow;banslow96@360.cn;Hombre;22/01/1980;VERDADERO;38
113850254;Dannie;Coffin;dcoffin97@tuttocitta.it;Hombre;18/11/1997;VERDADERO;41
874302933;Bill;Castlake;bcastlake98@psu.edu;Mujer;23/01/1994;FALSO;50
940272993;Marji;Russi;mrussi99@mit.edu;Mujer;07/05/1999;VERDADERO;50
670931388;Bil;Kochs;bkochs9a@google.cn;Hombre;13/02/1994;VERDADERO;19
325509127;Brendin;Burel;bburel9b@ft.com;Hombre;14/03/1991;VERDADERO;39
436026437;Kristo;Looby;klooby9c@ifeng.com;Hombre;22/12/1994;VERDADERO;33
440873079;Hana;Etheridge;hetheridge9d@seesaa.net;Mujer;19/09/1975;FALSO;45
134797883;Rozamond;Ouchterlony;rouchterlony9e@github.com;Mujer;06/05/1992;VERDADERO;18
332552390;Flore;Dooler;fdooler9f@businessinsider.com;Mujer;22/09/1989;VERDADERO;43
685569046;Christi;Sentance;csentance9g@edublogs.org;Mujer;22/07/1991;FALSO;47
695343100;Dorothee;O'Loinn;doloinn9h@tinypic.com;Mujer;09/08/1976;FALSO;45
303124071;August;Pechet;apechet9i@deviantart.com;Hombre;05/01/1984;VERDADERO;45
749278863;Rogerio;Egdell;regdell9j@icq.com;Hombre;10/04/2000;FALSO;37
979356272;Terry;Augustus;taugustus9k@163.com;Hombre;29/11/1981;FALSO;40
681954310;Urban;Elgy;uelgy9l@trellian.com;Hombre;24/05/1987;VERDADERO;35
137754702;Josias;Waiton;jwaiton9m@ning.com;Hombre;22/05/1984;VERDADERO;18
167628510;Uta;Copperwaite;ucopperwaite9n@webmd.com;Mujer;18/02/1997;VERDADERO;37
564589083;Padget;Stodart;pstodart9o@shinystat.com;Hombre;12/08/1992;FALSO;31
488638583;Alida;Cayet;acayet9p@hhs.gov;Mujer;30/04/1993;VERDADERO;17
849922595;Braden;Wincom;bwincom9q@tiny.cc;Hombre;03/08/1986;FALSO;44
552789258;Elsworth;Hanway;ehanway9r@un.org;Hombre;11/11/1983;FALSO;38
658281097;Brita;Parke;bparke9s@auda.org.au;Mujer;12/05/1989;FALSO;17
30003447;Corney;Eaden;ceaden9t@thetimes.co.uk;Hombre;13/07/1981;VERDADERO;44
764611817;Sheff;Fridlington;sfridlington9u@vk.com;Hombre;21/08/1987;FALSO;40
888918192;Annadiane;Maliphant;amaliphant9v@jimdo.com;Mujer;10/03/1993;FALSO;48
163456951;Sonny;Currington;scurrington9w@noaa.gov;Hombre;04/01/1988;VERDADERO;36
689133028;Juliana;Dumpleton;jdumpleton9x@vistaprint.com;Mujer;20/07/1990;VERDADERO;40
35170248;Aundrea;Molan;amolan9y@goodreads.com;Mujer;24/12/1997;VERDADERO;45
698600473;Bron;Freyne;bfreyne9z@senate.gov;Hombre;14/01/1978;VERDADERO;37
775899213;Barris;Morrad;bmorrada0@squarespace.com;Hombre;04/01/2001;FALSO;22
753162266;Isabella;Cudbird;icudbirda1@vkontakte.ru;Mujer;05/04/1976;FALSO;49
561370411;Robbert;Dziwisz;rdziwisza2@princeton.edu;Hombre;27/12/1994;VERDADERO;42
775214566;Mufi;Mansuer;mmansuera3@sphinn.com;Mujer;09/08/1981;VERDADERO;41
916968518;Corrianne;Gadson;cgadsona4@java.com;Mujer;18/12/1982;FALSO;15
522174026;Dorri;Harrod;dharroda5@dyndns.org;Mujer;29/04/1993;FALSO;46
537238340;Gerry;Gringley;ggringleya6@uol.com.br;Mujer;26/09/1991;VERDADERO;40
211607978;Chrotoem;McCuthais;cmccuthaisa7@g.co;Hombre;14/04/1981;VERDADERO;40
157901442;Sonny;MacCurley;smaccurleya8@senate.gov;Hombre;14/08/1978;FALSO;37
890701488;Elie;Jolly;ejollya9@devhub.com;Mujer;10/11/1996;VERDADERO;15
359074978;Delia;Writer;dwriteraa@cbc.ca;Mujer;09/06/1980;FALSO;44
969738135;Ellis;Barnardo;ebarnardoab@opensource.org;Hombre;12/04/1983;VERDADERO;43
908504651;Melinda;Kardos;mkardosac@tmall.com;Mujer;15/01/1995;FALSO;20
726472675;Gianina;French;gfrenchad@google.com.au;Mujer;01/05/1998;FALSO;22
999842435;Clarie;Chaves;cchavesae@sphinn.com;Mujer;04/09/1984;FALSO;50
877704622;Paulita;Alleburton;palleburtonaf@slideshare.net;Mujer;27/12/1981;FALSO;29
525588339;Bibi;Willcot;bwillcotag@imgur.com;Mujer;11/08/1988;FALSO;22
768950085;Kimball;Tottle;ktottleah@ameblo.jp;Hombre;23/06/1987;FALSO;37
474988651;Knox;Margarson;kmargarsonai@redcross.org;Hombre;18/04/1990;FALSO;22
577647486;Agnella;Galtone;agaltoneaj@storify.com;Mujer;10/11/1986;FALSO;37
802680022;Jamill;Benford;jbenfordak@google.co.jp;Hombre;10/05/1998;VERDADERO;32
916058457;Charita;Tithecott;ctithecottal@jiathis.com;Mujer;20/10/1996;VERDADERO;16
755286902;Dreddy;MacCartney;dmaccartneyam@usatoday.com;Mujer;05/04/1991;FALSO;48
797183196;Frederik;Tunniclisse;ftunniclissean@netvibes.com;Hombre;26/02/1981;VERDADERO;35
333765769;Barbara-anne;Caton;bcatonao@tripadvisor.com;Mujer;27/01/1987;FALSO;20
326959851;Kali;Tomek;ktomekap@de.vu;Mujer;01/08/1980;VERDADERO;30
663120022;Lemar;Skryne;lskryneaq@latimes.com;Hombre;01/06/1983;FALSO;28
331860311;Lammond;Beddon;lbeddonar@geocities.com;Hombre;30/11/1997;VERDADERO;40
54300321;Andrus;Braybrookes;abraybrookesas@icq.com;Hombre;14/05/1985;VERDADERO;47
944184440;Pace;Senn;psennat@utexas.edu;Hombre;18/02/1986;VERDADERO;33
345569869;Rickie;Zanutti;rzanuttiau@i2i.jp;Mujer;26/04/1995;FALSO;49
137151546;Rouvin;Stronghill;rstronghillav@bbc.co.uk;Hombre;30/11/1989;FALSO;18
881651690;Isabeau;Cantrell;icantrellaw@miitbeian.gov.cn;Mujer;05/01/1992;FALSO;19
341656019;Andeee;Billingsley;abillingsleyax@cloudflare.com;Mujer;29/07/1977;FALSO;36
125934649;Marcos;De Cristoforo;mdecristoforoay@lycos.com;Hombre;25/08/1982;FALSO;19
434127476;Lia;Ledes;lledesaz@delicious.com;Mujer;27/06/1997;VERDADERO;36
430194752;Joshia;Bartali;jbartalib0@patch.com;Hombre;08/10/1991;FALSO;50
461692993;Justine;Mucklow;jmucklowb1@gizmodo.com;Mujer;13/08/1996;FALSO;19
819586232;Lulita;Hazeley;lhazeleyb2@wired.com;Mujer;10/05/1989;VERDADERO;42
338074699;Dane;Nixon;dnixonb3@elegantthemes.com;Hombre;02/05/1978;FALSO;46
434836617;Somerset;Backson;sbacksonb4@webmd.com;Hombre;09/09/1985;VERDADERO;20
539327065;Eve;Shivlin;eshivlinb5@blinklist.com;Mujer;07/06/1977;VERDADERO;44
240094228;Nigel;Beaney;nbeaneyb6@shareasale.com;Hombre;14/10/1989;VERDADERO;39
196233875;Alwyn;Bytheway;abythewayb7@webs.com;Hombre;22/12/1980;FALSO;32
88085204;Debor;Cohen;dcohenb8@booking.com;Mujer;07/07/1992;FALSO;29
349063513;Gavra;Bolderson;gboldersonb9@tumblr.com;Mujer;22/02/2001;VERDADERO;46
356481015;Grenville;Perrinchief;gperrinchiefba@twitter.com;Hombre;30/12/1990;FALSO;29
231604145;Lancelot;Eberst;leberstbb@over-blog.com;Hombre;23/03/1985;FALSO;47
452742750;Gonzalo;Follet;gfolletbc@tumblr.com;Hombre;23/11/1993;FALSO;24
325547425;Salomo;Dohmann;sdohmannbd@jigsy.com;Hombre;08/07/1982;FALSO;36
245248533;Leupold;Cust;lcustbe@csmonitor.com;Hombre;10/06/1988;FALSO;30
56481422;Felizio;Moakes;fmoakesbf@eepurl.com;Hombre;09/03/1989;FALSO;47
76969279;Benny;Tasseler;btasselerbg@blogs.com;Mujer;26/07/1987;FALSO;48
557664379;Osborne;Uzielli;ouziellibh@theglobeandmail.com;Hombre;13/02/1989;FALSO;46
468827694;Vanna;Kummerlowe;vkummerlowebi@technorati.com;Mujer;30/06/1978;FALSO;47
364205435;Waldo;Llewellin;wllewellinbj@skyrock.com;Hombre;31/10/1998;VERDADERO;49
911894850;Reeva;Magwood;rmagwoodbk@merriam-webster.com;Mujer;04/09/1996;FALSO;33
603686614;Teddie;Crummay;tcrummaybl@answers.com;Mujer;14/06/1977;FALSO;41
340238177;Stearn;Mattack;smattackbm@reuters.com;Hombre;03/06/1980;FALSO;28
880445645;Kristien;Roos;kroosbn@devhub.com;Mujer;01/10/1989;FALSO;28
159002621;Nara;Davison;ndavisonbo@taobao.com;Mujer;06/11/1985;FALSO;15
480796759;Vaughn;Langridge;vlangridgebp@fema.gov;Hombre;03/02/1978;FALSO;49
783806887;Bear;Simonetti;bsimonettibq@about.com;Hombre;06/10/1994;VERDADERO;42
995280188;Terrel;Shirlaw;tshirlawbr@illinois.edu;Hombre;25/07/1982;VERDADERO;37
519902767;Jo;Whall;jwhallbs@icio.us;Hombre;17/03/1997;FALSO;30
502508688;Avery;Blabey;ablabeybt@flickr.com;Hombre;13/06/1982;FALSO;27
894161978;Rip;Viall;rviallbu@google.com.hk;Hombre;24/04/1989;FALSO;45
469594714;Lilyan;Pook;lpookbv@ihg.com;Mujer;13/12/1997;VERDADERO;22
868288412;Melisande;Settle;msettlebw@examiner.com;Mujer;03/06/1975;FALSO;32
88598110;Latashia;Connock;lconnockbx@opensource.org;Mujer;07/08/1994;VERDADERO;15
736939722;Davide;Proudlock;dproudlockby@ebay.co.uk;Hombre;01/01/1981;FALSO;30
93445131;Mehetabel;Manson;mmansonbz@yellowbook.com;Mujer;21/08/1990;FALSO;42
485021565;Karrie;Binnes;kbinnesc0@i2i.jp;Mujer;24/07/1994;FALSO;29
494153626;Sky;McAllester;smcallesterc1@addtoany.com;Hombre;26/08/1982;FALSO;43
383948815;Sherlock;Grisard;sgrisardc2@businessinsider.com;Hombre;15/05/1990;VERDADERO;50
847375158;Annnora;Niesegen;aniesegenc3@homestead.com;Mujer;07/02/1995;FALSO;25
37488643;Jo;Densham;jdenshamc4@nymag.com;Hombre;02/07/1978;VERDADERO;24
706068536;Ruy;Torn;rtornc5@wp.com;Hombre;12/11/1988;FALSO;23
583842542;Haley;Allsup;hallsupc6@vk.com;Mujer;07/03/1986;VERDADERO;32
260559583;Tiffany;Zannotti;tzannottic7@multiply.com;Mujer;03/02/1999;FALSO;22
392169717;Bonnie;Lurner;blurnerc8@cnn.com;Mujer;11/02/1997;VERDADERO;36
386424376;Vivianne;Stocking;vstockingc9@cdbaby.com;Mujer;24/02/2000;VERDADERO;27
336548360;Brunhilda;Freestone;bfreestoneca@canalblog.com;Mujer;11/10/1994;FALSO;38
705871061;Jamill;Collete;jcolletecb@comsenz.com;Hombre;13/04/1977;FALSO;44
299772931;Marty;Mc Gee;mmcgeecc@wordpress.com;Hombre;03/04/1978;FALSO;31
570034247;Chaddy;Mundwell;cmundwellcd@slashdot.org;Hombre;06/05/1985;VERDADERO;36
332107090;Tonya;Pelosi;tpelosice@hud.gov;Mujer;28/08/1976;VERDADERO;43
47601329;Uriah;Punter;upuntercf@desdev.cn;Hombre;07/03/1982;FALSO;21
199473638;Monah;Pabst;mpabstcg@opera.com;Mujer;26/03/1992;VERDADERO;15
566021359;Rahel;Thomsson;rthomssonch@youtu.be;Mujer;18/01/1998;VERDADERO;36
238072554;Vicky;McCane;vmccaneci@bandcamp.com;Mujer;24/09/1979;VERDADERO;19
989749350;Ardys;Goodenough;agoodenoughcj@zimbio.com;Mujer;07/02/1998;FALSO;26
674927390;Midge;Franklen;mfranklenck@usa.gov;Mujer;01/12/1984;VERDADERO;44
743067225;Cristiano;Kenen;ckenencl@slideshare.net;Hombre;20/05/1989;VERDADERO;40
773171937;Corrina;Peoples;cpeoplescm@webmd.com;Mujer;12/01/1986;FALSO;43
93807155;Corey;Axcell;caxcellcn@bbc.co.uk;Hombre;26/03/1977;FALSO;37
463639397;Essie;Meininger;emeiningerco@spotify.com;Mujer;25/05/1989;FALSO;35
347478786;Francyne;Arnke;farnkecp@biblegateway.com;Mujer;06/04/1986;FALSO;35
627271598;Joete;Valdes;jvaldescq@ovh.net;Mujer;31/10/1997;FALSO;18
411418561;Leonore;Ovens;lovenscr@eepurl.com;Mujer;23/11/1989;VERDADERO;24
276718610;Skell;Ridpath;sridpathcs@blogs.com;Hombre;28/11/1998;FALSO;47
982896212;Durand;Rantoul;drantoulct@domainmarket.com;Hombre;05/12/1999;VERDADERO;41
186093231;Hedwig;Cressar;hcressarcu@pagesperso-orange.fr;Mujer;27/09/1980;VERDADERO;22
145059802;Kath;Tribell;ktribellcv@instagram.com;Mujer;04/12/1977;VERDADERO;50
959991768;Brittni;Marvel;bmarvelcw@discovery.com;Mujer;14/12/1983;FALSO;16
104265528;Toma;Liccardo;tliccardocx@blinklist.com;Mujer;02/12/1978;VERDADERO;15
703153488;Hillard;Goodoune;hgoodounecy@gmpg.org;Hombre;29/10/1985;VERDADERO;32
266346420;Benedicto;Polglase;bpolglasecz@tmall.com;Hombre;14/06/1980;FALSO;27
562782498;Goober;Brient;gbrientd0@bing.com;Hombre;16/07/1976;FALSO;19
612472340;Ike;Guiso;iguisod1@plala.or.jp;Hombre;26/07/1985;VERDADERO;20
912210072;Teador;Helm;thelmd2@umich.edu;Hombre;09/01/1993;VERDADERO;29
704001146;Leeland;Shackleton;lshackletond3@sciencedirect.com;Hombre;05/06/1979;FALSO;38
508856759;Estrellita;Freeland;efreelandd4@ca.gov;Mujer;18/06/1995;FALSO;21
107386258;Shelia;Sang;ssangd5@hibu.com;Mujer;04/02/1997;FALSO;49
853336930;Adolf;Gerhardt;agerhardtd6@usgs.gov;Hombre;29/07/1998;VERDADERO;39
875994685;Nikolaus;Boyett;nboyettd7@parallels.com;Hombre;03/06/1996;FALSO;50
463222276;Zulema;McPike;zmcpiked8@loc.gov;Mujer;01/02/1983;VERDADERO;40
701981641;Michelina;Spadeck;mspadeckd9@weibo.com;Mujer;10/03/1986;FALSO;45
244770232;Tallulah;MacGregor;tmacgregorda@sohu.com;Mujer;31/10/1979;VERDADERO;26
464484981;Lacie;Acom;lacomdb@reference.com;Mujer;11/04/1989;VERDADERO;22
863484921;Lemmy;Illes;lillesdc@biblegateway.com;Hombre;30/05/1977;VERDADERO;22
256498208;Evaleen;Mussilli;emussillidd@cornell.edu;Mujer;16/08/1998;FALSO;43
942877870;Dawna;Haselup;dhaselupde@wiley.com;Mujer;19/09/1976;VERDADERO;25
378457687;Dan;Ivashnikov;divashnikovdf@globo.com;Hombre;28/09/1984;VERDADERO;36
243431378;Grant;Pevie;gpeviedg@boston.com;Hombre;17/06/1998;VERDADERO;41
287998240;Fitz;De Caroli;fdecarolidh@miitbeian.gov.cn;Hombre;01/08/1996;VERDADERO;36
148091022;Osmond;Aery;oaerydi@rakuten.co.jp;Hombre;23/08/1984;VERDADERO;29
853919591;Lauree;Reignould;lreignoulddj@forbes.com;Mujer;17/06/1979;FALSO;46
220373961;Tomlin;Rhodes;trhodesdk@eepurl.com;Hombre;24/09/1994;VERDADERO;34
828084063;Etti;Lucy;elucydl@jimdo.com;Mujer;03/05/1983;VERDADERO;35
830629381;Garwin;Rands;grandsdm@archive.org;Hombre;19/11/1979;FALSO;31
227281163;Munmro;Hanes;mhanesdn@posterous.com;Hombre;20/06/1995;FALSO;45
714857941;Dolph;Heaford;dheaforddo@guardian.co.uk;Hombre;19/06/1975;VERDADERO;23
54444145;Bowie;Mc Grath;bmcgrathdp@wufoo.com;Hombre;19/10/1977;FALSO;25
941169107;Thornie;Zoppie;tzoppiedq@ibm.com;Hombre;12/11/1988;FALSO;40
626972287;Floris;Cubley;fcubleydr@newsvine.com;Mujer;23/09/1996;VERDADERO;16
555880199;Charlton;Dresche;cdrescheds@sciencedirect.com;Hombre;22/11/1993;FALSO;42
93370658;Saidee;Shurey;sshureydt@friendfeed.com;Mujer;30/08/1991;VERDADERO;38
109219436;Morlee;Stowe;mstowedu@baidu.com;Hombre;21/11/1975;VERDADERO;39
663180179;Van;Lempel;vlempeldv@yellowbook.com;Hombre;07/07/1986;FALSO;25
